#,Name,Team,K/9,BB/9,K/BB,HR/9,K%,BB%,K-BB%,AVG,WHIP,BABIP,LOB%,ERA-,FIP-,xFIP-,ERA,FIP,E-F,xFIP,SIERA
1,Mason Fluharty,TOR,0,27,0,0,0.0%,50.0%,-50.0%,0,3,0,100.0%,0,288,345,0,12.1,-12.1,14.37,16.99
2,Bennett Sousa,HOU,0,27,0,0,0.0%,40.0%,-40.0%,0.333,4.5,0.333,66.7%,327,294,400,13.5,12.1,1.4,16.64,14.83
3,Brycen Mautz,STL,0,27,0,9,0.0%,30.0%,-30.0%,0.4,5,0.25,71.4%,654,750,536,27,31.1,-4.1,22.64,11.6
4,Jordan Hicks,CHW,13.5,27,0.5,0,20.0%,40.0%,-20.0%,0.333,4.5,0.5,0.0%,974,215,219,40.5,9.1,31.4,9.1,10.22
5,Corbin Burnes,ARI,6,6,1,0,15.4%,15.4%,0.0%,0.182,1.33,0.222,100.0%,0,91,173,0,3.77,-3.77,7.29,7.87
6,Miguel Ullola,HOU,0,0,0,0,0.0%,0.0%,0.0%,0,0,0,100.0%,0,75,147,0,3.1,-3.1,6.12,7.66
7,Mason Barnett,ATH,6.75,13.5,0.5,3.38,11.1%,22.2%,-11.1%,0.5,4.13,0.545,52.1%,451,250,188,20.25,10.98,9.27,7.8,7.55
8,Mitch Bratt,ARI,4.35,6.97,0.63,0,9.8%,15.7%,-5.9%,0.279,1.94,0.316,55.0%,185,108,175,7.84,4.46,3.38,7.38,7.42
9,Javier Assad,CHC,5.79,9.64,0.6,0,15.0%,25.0%,-10.0%,0.2,1.71,0.25,62.5%,140,121,134,5.79,5.03,0.75,5.68,7.41
10,José Urquidy,CHW,6,12,0.5,0,9.5%,19.0%,-9.5%,0.4,3.33,0.462,58.3%,361,184,247,15,7.77,7.23,10.29,7.38
11,Zac Gallen,ARI,2.7,5.4,0.5,2.7,6.7%,13.3%,-6.7%,0.308,1.8,0.273,87.0%,64,199,166,2.7,8.2,-5.5,7.02,7.38
12,Michael Lorenzen,COL,2.45,7.36,0.33,2.45,5.3%,15.8%,-10.5%,0.267,1.91,0.231,30.3%,310,213,187,14.73,9.38,5.35,7.89,7.32
13,Matt Waldron,WSN,4.5,4.5,1,0,11.1%,11.1%,0.0%,0.25,1.5,0.286,100.0%,0,84,157,0,3.6,-3.6,6.62,6.91
14,Edward Cabrera,CHC,4.91,7.36,0.67,2.45,10.0%,15.0%,-5.0%,0.353,2.45,0.357,26.3%,417,193,174,17.18,8.01,9.17,7.35,6.85
15,Cade Gibson,MIA,6.75,6.75,1,0,14.3%,14.3%,0.0%,0.333,2.25,0.4,66.7%,158,91,172,6.75,3.85,2.9,7.25,6.65
16,Kade Morris,ATH,0,3.38,0,3.38,0.0%,7.1%,-7.1%,0.417,2.25,0.364,35.7%,376,233,169,16.88,10.23,6.65,7.05,6.44
17,Ronel Blanco,HOU,6.75,6.75,1,0,17.6%,17.6%,0.0%,0.214,1.5,0.273,100.0%,0,94,138,0,3.85,-3.85,5.74,6.33
18,Sean Burke,CHW,7.52,7.52,1,1.33,17.2%,17.2%,0.0%,0.28,1.97,0.323,64.2%,181,139,154,7.52,5.86,1.67,6.39,6.23
19,Landen Roupp,SFG,4.64,5.06,0.92,0.42,12.4%,13.5%,-1.1%,0.169,1.17,0.185,80.5%,51,107,136,2.11,4.37,-2.26,5.74,6.11
20,Griffin Jax,TBR,3.52,3.52,1,1.17,8.8%,8.8%,0.0%,0.29,1.57,0.296,47.2%,196,124,146,8.22,5.19,3.03,6.06,6.08
21,Jacob Waguespack,DET,6.75,6.75,1,0,16.7%,16.7%,0.0%,0.2,1.5,0.25,0.0%,322,92,147,13.5,3.85,9.65,6.12,6.04
22,Braydon Fisher,TOR,4.5,4.5,1,0,14.3%,14.3%,0.0%,0,0.5,0,100.0%,0,86,123,0,3.6,-3.6,5.11,5.98
23,Ethan Pecko,HOU,5.71,5.19,1.1,2.08,14.3%,13.0%,1.3%,0.242,1.5,0.235,74.8%,126,164,146,5.19,6.74,-1.55,6.09,5.97
24,Joey Cantillo,CLE,8.14,7.77,1.05,0.74,19.6%,18.8%,0.9%,0.216,1.64,0.266,62.2%,107,130,132,4.44,5.32,-0.88,5.5,5.92
25,Logan Allen,CLE,3.86,7.71,0.5,0,7.1%,14.3%,-7.1%,0.5,3.43,0.545,37.5%,466,118,147,19.29,4.82,14.47,6.11,5.91
26,Luis Castillo,CHW,4.7,2.93,1.6,4.11,9.6%,6.0%,3.6%,0.395,2.28,0.377,69.9%,240,222,158,9.98,9.36,0.61,6.58,5.81
27,Matt Wilkinson,SFG,4.91,2.45,2,2.45,12.5%,6.3%,6.3%,0.267,1.36,0.25,48.6%,150,156,138,6.14,6.38,-0.24,5.82,5.8
28,Zach Agnos,COL,3.38,3.38,1,0,9.1%,9.1%,0.0%,0.2,1.13,0.222,100.0%,0,79,136,0,3.48,-3.48,5.74,5.8
29,Davis Martin,CHW,3.38,2.53,1.33,0.84,9.5%,7.1%,2.4%,0.231,1.13,0.235,100.0%,20,104,131,0.84,4.42,-3.57,5.46,5.8
30,Sandy Alcantara,MIA,3.99,2.76,1.44,1.53,9.9%,6.9%,3.1%,0.289,1.5,0.291,68.4%,137,129,138,5.83,5.46,0.37,5.81,5.79
31,Taylor Clarke,ARI,5.4,5.4,1,0,16.7%,16.7%,0.0%,0,0.6,0,100.0%,0,90,109,0,3.7,-3.7,4.61,5.79
32,Daniel Lynch IV,KCR,3.74,3.32,1.13,0.83,9.8%,8.7%,1.1%,0.241,1.29,0.25,64.9%,117,112,130,4.98,4.72,0.27,5.4,5.77
33,Justin Hagenman,NYM,6,3,2,0,16.7%,8.3%,8.3%,0.182,1,0.222,66.7%,73,66,137,3,2.77,0.23,5.79,5.75
34,Carson Whisenhunt,SFG,5.4,4.05,1.33,1.35,11.8%,8.8%,2.9%,0.355,2.1,0.385,55.6%,197,128,136,8.1,5.2,2.9,5.75,5.72
35,Robbie Ray,SDP,6.93,5.84,1.19,1.46,17.8%,15.0%,2.8%,0.22,1.46,0.235,72.4%,127,134,128,5.11,5.62,-0.51,5.41,5.68
36,Yunior Marte,SFG,5.79,3.86,1.5,0,16.7%,11.1%,5.6%,0.188,1.07,0.231,80.0%,47,76,127,1.93,3.1,-1.17,5.37,5.66
37,Spencer Arrighetti,TOR,7.27,5.19,1.4,3.12,15.9%,11.4%,4.5%,0.289,1.85,0.286,54.7%,226,192,161,9.35,8.06,1.28,6.7,5.62
38,Jackson Kent,WSN,6.56,5.79,1.13,0.39,15.5%,13.6%,1.8%,0.284,1.8,0.338,59.1%,153,96,124,6.56,4.13,2.43,5.26,5.59
39,Cody Bradford,TEX,4.3,2.35,1.83,1.57,10.4%,5.7%,4.7%,0.35,1.78,0.365,73.4%,144,124,134,5.87,5.19,0.68,5.56,5.59
40,Bryce Miller,SEA,8.87,7.25,1.22,2.42,20.8%,17.0%,3.8%,0.253,1.79,0.271,67.5%,187,180,126,7.25,7.18,0.08,5.24,5.57
41,Blade Tidwell,SFG,7.13,5.63,1.27,1.88,17.9%,14.2%,3.8%,0.23,1.46,0.238,62.5%,165,162,138,6.75,6.6,0.15,5.85,5.53
42,Kyle Bradish,BAL,6.75,5.14,1.31,2.25,15.7%,11.9%,3.7%,0.339,2,0.367,69.3%,150,158,133,6.11,6.57,-0.46,5.53,5.52
43,Kent Emanuel,CIN,7.2,5.4,1.33,0,17.4%,13.0%,4.3%,0.263,1.6,0.333,77.8%,84,89,142,3.6,3.9,-0.3,6.02,5.5
44,AJ Smith-Shawver,ATL,7.56,5.94,1.27,2.16,16.7%,13.1%,3.6%,0.292,1.92,0.315,62.0%,205,161,134,8.64,6.7,1.94,5.67,5.47
45,Janson Junk,MIA,4.03,2.42,1.67,0.4,10.4%,6.3%,4.2%,0.287,1.39,0.316,64.4%,123,95,129,5.24,4,1.24,5.45,5.39
46,Martín Pérez,ATL,6.39,4.62,1.38,0.71,15.4%,11.1%,4.3%,0.282,1.66,0.325,74.6%,84,105,121,3.55,4.37,-0.81,5.13,5.37
47,Brad Lord,WSN,10.8,8.1,1.33,0,25.8%,19.4%,6.5%,0.125,1.35,0.188,80.0%,63,90,129,2.7,3.85,-1.15,5.44,5.37
48,Eury Pérez,MIA,8.78,6.51,1.35,1.63,20.6%,15.3%,5.3%,0.273,1.81,0.321,63.6%,153,137,129,6.51,5.78,0.73,5.45,5.35
49,Erick Fedde,CHW,5.4,3.6,1.5,0,15.0%,10.0%,5.0%,0.167,1,0.2,80.0%,43,73,118,1.8,3.1,-1.3,4.92,5.35
50,MacKenzie Gore,TEX,7.48,5.53,1.35,0.33,17.2%,12.7%,4.5%,0.31,1.92,0.38,70.3%,135,92,125,5.53,3.86,1.67,5.19,5.33
51,Merrill Kelly,ARI,6.67,4.67,1.43,0.67,16.9%,11.9%,5.1%,0.223,1.37,0.259,71.0%,102,103,119,4.33,4.25,0.08,5.02,5.29
52,Max Scherzer,TOR,6.75,3.71,1.82,1.01,17.5%,9.6%,7.9%,0.216,1.24,0.241,53.7%,147,105,131,6.08,4.42,1.66,5.45,5.25
53,Ryan Feltner,COL,6.97,4.79,1.45,0.87,16.0%,11.0%,5.0%,0.292,1.79,0.338,43.9%,174,100,123,8.27,4.41,3.86,5.2,5.23
54,Jedixson Paez,BOS,7.36,4.91,1.5,4.91,13.0%,8.7%,4.3%,0.476,3.27,0.5,43.5%,458,245,134,19.64,10.19,9.44,5.58,5.23
55,Grant Holmes,ATL,5.2,3.58,1.45,0.65,14.0%,9.6%,4.4%,0.223,1.23,0.247,73.7%,85,98,113,3.58,4.08,-0.5,4.78,5.22
56,Ryan Johnson,LAA,6.14,3.68,1.67,1.23,17.5%,10.5%,7.0%,0.168,0.99,0.169,94.3%,52,117,122,2.15,4.84,-2.69,5.08,5.17
57,Hunter Dobbins,STL,10,7,1.43,1,25.0%,17.5%,7.5%,0.212,1.56,0.273,71.4%,121,112,112,5,4.66,0.34,4.72,5.16
58,Rhett Lowder,CIN,6.12,3.24,1.89,1.8,14.4%,7.6%,6.8%,0.303,1.68,0.322,48.6%,193,124,124,8.28,5.42,2.86,5.24,5.15
59,Tanner Bibee,CLE,7.09,3.82,1.86,1.36,18.1%,9.7%,8.3%,0.256,1.42,0.286,73.2%,118,119,131,4.91,4.86,0.05,5.45,5.14
60,Brady Singer,CIN,7.26,4.65,1.56,2.32,16.3%,10.5%,5.9%,0.311,1.84,0.333,66.9%,189,157,125,8.13,6.88,1.25,5.28,5.08
61,Jeffrey Springs,ATH,5.67,3.33,1.7,1.67,14.8%,8.7%,6.1%,0.25,1.33,0.256,73.3%,111,125,117,5,5.47,-0.47,4.86,5.07
62,Casey Mize,SDP,5.79,1.93,3,2.7,15.2%,5.1%,10.1%,0.237,1.16,0.211,54.9%,124,154,124,5.01,6.49,-1.47,5.24,5.04
63,Gabriel Hughes,COL,6.66,3.86,1.73,1.4,15.8%,9.2%,6.7%,0.296,1.68,0.329,57.3%,155,115,115,7.36,5.05,2.31,4.85,5.02
64,Nolan McLean,NYM,7.5,4.8,1.56,0.6,19.7%,12.6%,7.1%,0.229,1.37,0.28,84.6%,58,98,114,2.4,4.1,-1.7,4.8,5.01
65,Cade Povich,BAL,7.2,5.4,1.33,0,18.2%,13.6%,4.5%,0.263,1.6,0.333,87.5%,44,80,108,1.8,3.3,-1.5,4.51,4.95
66,Brandon Young,BAL,6.33,3,2.11,2.67,16.1%,7.6%,8.5%,0.29,1.48,0.288,84.4%,131,163,120,5.33,6.77,-1.44,4.99,4.92
67,Nick Lodolo,CIN,7.83,4.3,1.82,1.96,18.3%,10.1%,8.3%,0.309,1.74,0.348,78.4%,137,140,124,5.87,6.15,-0.28,5.23,4.91
68,Matthew Boyd,CHC,5.91,3.09,1.92,1.54,15.9%,8.3%,7.6%,0.252,1.29,0.265,62.2%,137,126,112,5.66,5.22,0.44,4.72,4.9
69,Keider Montero,DET,5.89,2.45,2.4,1.96,15.4%,6.4%,9.0%,0.25,1.25,0.25,65.2%,140,134,120,5.89,5.61,0.28,5,4.89
70,Jake Irvin,WSN,8.31,4.85,1.71,1.38,20.0%,11.7%,8.3%,0.288,1.69,0.342,79.2%,113,119,117,4.85,5.1,-0.26,4.96,4.87
71,George Klassen,LAA,7.3,4.38,1.67,0,20.4%,12.2%,8.2%,0.163,1.05,0.212,76.9%,35,71,106,1.46,2.94,-1.48,4.41,4.83
72,Ryan Gusto,MIA,6.75,3.38,2,0.92,16.8%,8.4%,8.4%,0.291,1.53,0.337,82.2%,72,103,114,3.07,4.36,-1.3,4.84,4.83
73,Kade Anderson,SEA,6.86,3.43,2,1.71,18.4%,9.2%,9.2%,0.266,1.38,0.288,81.2%,110,130,112,4.29,5.2,-0.91,4.66,4.81
74,Jack Perkins,ATH,10.38,6.23,1.67,2.08,24.2%,14.5%,9.7%,0.288,1.85,0.353,76.9%,123,139,116,5.54,6.1,-0.56,4.85,4.77
75,Ranger Suarez,BOS,6.07,2.73,2.22,0.91,16.1%,7.3%,8.9%,0.243,1.21,0.273,78.2%,85,106,117,3.64,4.38,-0.74,4.85,4.74
76,Michael Soroka,ARI,8,4,2,0,18.2%,9.1%,9.1%,0.308,1.78,0.387,52.9%,189,73,107,8,2.99,5.01,4.5,4.73
77,Paul Skenes,PIT,6.26,2.96,2.11,0.99,17.0%,8.0%,8.9%,0.228,1.17,0.253,80.5%,76,103,106,3.29,4.35,-1.05,4.47,4.72
78,Randy Vásquez,SDP,4.32,1.62,2.67,0,13.1%,4.9%,8.2%,0.14,0.66,0.163,66.7%,54,68,104,2.16,2.86,-0.7,4.4,4.7
79,Dean Kremer,MIN,8.37,4.18,2,1.52,20.8%,10.4%,10.4%,0.274,1.56,0.319,60.5%,155,118,114,6.46,4.84,1.63,4.74,4.7
80,Andrew Sears,DET,8.1,2.7,3,0.9,20.0%,6.7%,13.3%,0.275,1.4,0.333,75.3%,107,98,133,4.5,4.1,0.4,5.52,4.7
81,Troy Melton,DET,5.79,1.93,3,1.61,14.2%,4.7%,9.4%,0.299,1.46,0.319,65.8%,123,124,116,5.14,5.21,-0.07,4.83,4.69
82,Andrew Abbott,CIN,7.59,2.53,3,2.95,17.8%,5.9%,11.9%,0.326,1.73,0.343,51.5%,206,149,117,8.86,6.53,2.33,4.95,4.68
83,Sean Manaea,NYM,6.28,1.88,3.33,2.2,15.6%,4.7%,10.9%,0.292,1.43,0.301,60.2%,175,136,116,7.22,5.72,1.5,4.92,4.66
84,Framber Valdez,DET,4.4,2.93,1.5,0.59,11.9%,7.9%,4.0%,0.243,1.24,0.265,71.8%,70,96,99,2.93,4.05,-1.11,4.14,4.65
85,Tomoyuki Sugano,COL,6.75,2.63,2.57,1.88,15.4%,6.0%,9.4%,0.33,1.79,0.36,48.6%,197,121,106,9.38,5.31,4.06,4.49,4.65
86,Robert Gasser,MIL,9.17,5.09,1.8,0.51,22.8%,12.7%,10.1%,0.194,1.3,0.25,67.8%,98,91,110,4.08,3.84,0.24,4.64,4.65
87,Andrew Morris,MIN,0,0,0,0,0.0%,0.0%,0.0%,0.4,2,0.4,50.0%,216,75,111,9,3.1,5.9,4.61,4.64
88,Andre Pallante,STL,5.63,2.81,2,0,15.9%,7.9%,7.9%,0.293,1.38,0.354,72.7%,82,67,91,3.38,2.79,0.58,3.83,4.6
89,Bailey Ober,MIN,8.68,4.34,2,0.48,21.7%,10.8%,10.8%,0.216,1.34,0.273,80.5%,58,81,114,2.41,3.32,-0.91,4.73,4.59
90,Drew Anderson,DET,8.06,4.56,1.77,1.4,21.3%,12.0%,9.3%,0.226,1.32,0.258,82.2%,84,121,105,3.51,5.09,-1.58,4.36,4.57
91,Seth Lugo,KCR,6.57,2.55,2.57,1.09,15.5%,6.0%,9.5%,0.358,1.86,0.409,62.2%,171,97,103,7.3,4.08,3.22,4.27,4.57
92,Jameson Taillon,TOR,4.5,0,1,4.5,12.5%,0.0%,12.5%,0.25,1,0.167,100.0%,109,205,87,4.5,8.6,-4.1,3.61,4.55
93,Michael McGreevy,STL,7.15,3.44,2.08,0.79,18.6%,9.0%,9.7%,0.244,1.32,0.287,59.8%,109,94,101,4.5,3.9,0.6,4.26,4.55
94,Tyler Phillips,MIA,8.35,4.42,1.89,1.96,23.3%,12.3%,11.0%,0.172,1.09,0.163,97.2%,69,132,101,2.95,5.56,-2.61,4.29,4.53
95,Peter Lambert,HOU,8,3.33,2.4,0.67,19.5%,8.1%,11.4%,0.282,1.52,0.345,58.3%,154,91,110,6.33,3.73,2.6,4.56,4.53
96,Cesar Perdomo,SFG,5.91,2.53,2.33,0.84,15.2%,6.5%,8.7%,0.302,1.5,0.343,75.3%,103,94,96,4.22,3.85,0.37,4.05,4.53
97,Robert Stock,NYM,8.15,3.57,2.29,0.51,19.3%,8.4%,10.8%,0.297,1.64,0.368,67.6%,136,85,109,5.6,3.56,2.05,4.62,4.52
98,Freddy Peralta,TBR,6.49,2.08,3.13,0.78,19.2%,6.2%,13.1%,0.151,0.75,0.165,80.6%,56,89,115,2.34,3.74,-1.4,4.79,4.5
99,Tanner Gordon,COL,6.58,1.73,3.8,1.04,16.4%,4.3%,12.1%,0.324,1.58,0.371,67.9%,117,84,106,5.54,3.72,1.82,4.48,4.49
100,Eric Lauer,LAD,9,2.25,4,3.38,20.0%,5.0%,15.0%,0.378,2,0.423,46.9%,295,165,120,12.38,7.1,5.27,5.06,4.47
101,Michael King,SDP,6.61,2.76,2.4,0.83,19.0%,7.9%,11.1%,0.195,0.98,0.221,97.4%,34,96,104,1.38,4.02,-2.64,4.4,4.45
102,Lake Bachar,PIT,10.32,5.56,1.86,0.79,28.9%,15.6%,13.3%,0.162,1.15,0.217,95.2%,37,96,107,1.59,4.07,-2.49,4.53,4.45
103,Will Dion,WSN,3,3,1,0,11.1%,11.1%,0.0%,0.25,1,0.286,100.0%,0,80,93,0,3.44,-3.44,3.94,4.44
104,Foster Griffin,CLE,7.77,3.7,2.1,0.37,19.4%,9.3%,10.2%,0.299,1.6,0.373,62.2%,143,80,100,5.92,3.27,2.65,4.16,4.44
105,Bubba Chandler,PIT,8.31,3.81,2.18,1.38,22.2%,10.2%,12.0%,0.229,1.27,0.265,70.4%,104,110,107,4.5,4.64,-0.14,4.5,4.43
106,Patrick Sandoval,BOS,10.08,5.04,2,1.08,23.9%,12.0%,12.0%,0.311,1.84,0.403,67.0%,143,99,103,6.12,4.1,2.02,4.3,4.43
107,Jacob Lopez,ATH,8.82,3.31,2.67,1.65,23.0%,8.6%,14.4%,0.238,1.29,0.273,78.0%,92,108,115,4.13,4.73,-0.59,4.79,4.4
108,Kyle Harrison,MIL,10.38,4.67,2.22,3.63,23.0%,10.3%,12.6%,0.346,2.08,0.392,76.3%,175,181,105,7.27,7.6,-0.33,4.44,4.4
109,Bryce Elder,ATL,6.75,2.08,3.25,1.56,16.9%,5.2%,11.7%,0.278,1.38,0.304,76.9%,111,113,98,4.67,4.72,-0.05,4.12,4.39
110,Grayson Rodriguez,LAA,7.71,3.21,2.4,1.29,19.7%,8.2%,11.5%,0.288,1.5,0.337,77.5%,93,107,102,3.86,4.42,-0.57,4.24,4.38
111,Christian Scott,NYM,9.67,4.33,2.23,1.67,25.7%,11.5%,14.2%,0.184,1.15,0.203,73.1%,113,120,114,4.67,5.03,-0.36,4.8,4.37
112,Brady Basso,ATH,6.52,1.86,3.5,0.93,15.9%,4.5%,11.4%,0.31,1.55,0.353,73.5%,104,82,92,4.66,3.62,1.03,3.84,4.37
113,Brandon Pfaadt,ARI,6.61,1.44,4.6,1.72,17.2%,3.7%,13.4%,0.276,1.28,0.296,65.5%,136,116,104,5.74,4.79,0.95,4.38,4.36
114,Reynaldo López,ATL,9.64,5.79,1.67,1.93,21.7%,13.0%,8.7%,0.35,2.14,0.429,46.5%,275,136,84,11.57,5.67,5.9,3.54,4.36
115,Quinn Mathews,STL,8.77,3.86,2.27,1.05,22.1%,9.7%,12.4%,0.257,1.44,0.315,76.9%,102,98,98,4.21,4.08,0.13,4.15,4.33
116,Anthony Kay,CHW,7.45,2.48,3,1.55,18.0%,6.0%,12.0%,0.279,1.45,0.312,57.9%,164,114,103,6.83,4.83,2,4.31,4.33
117,Dustin May,MIL,8.82,3.31,2.67,1.1,20.8%,7.8%,13.0%,0.29,1.59,0.353,59.5%,172,100,110,7.16,4.21,2.96,4.65,4.32
118,Chris Bassitt,BAL,8.16,3.45,2.36,1.26,20.5%,8.7%,11.8%,0.287,1.53,0.341,78.7%,108,105,98,4.4,4.36,0.04,4.07,4.31
119,Connor Prielipp,MIN,7.89,2.91,2.71,0.83,20.0%,7.4%,12.6%,0.31,1.57,0.379,46.6%,199,89,99,8.31,3.66,4.65,4.13,4.29
120,Yusei Kikuchi,LAA,8.59,3.68,2.33,1.64,22.3%,9.6%,12.8%,0.25,1.36,0.288,90.6%,79,119,98,3.27,4.92,-1.65,4.07,4.27
121,David Peterson,CHC,10.42,5.68,1.83,1.42,23.9%,13.0%,10.9%,0.291,1.84,0.37,78.6%,127,118,86,5.21,4.89,0.32,3.64,4.25
122,Zebby Matthews,MIN,6.99,2.22,3.14,1.59,19.5%,6.2%,13.3%,0.21,1.02,0.218,78.3%,91,114,101,3.81,4.69,-0.88,4.21,4.24
123,Nick Martinez,TBR,6.35,1.27,5,0.95,18.0%,3.6%,14.4%,0.224,0.99,0.25,67.2%,91,83,98,3.81,3.49,0.32,4.09,4.24
124,Shane Baz,BAL,8.49,3.34,2.55,1.21,22.8%,8.9%,13.8%,0.22,1.18,0.26,74.1%,104,106,108,4.25,4.38,-0.14,4.52,4.24
125,George Kirby,SEA,7.53,2.51,3,1.26,18.8%,6.3%,12.5%,0.317,1.6,0.37,64.4%,154,102,92,5.97,4.08,1.89,3.85,4.22
126,Gage Jump,ATH,10.02,3.92,2.56,1.74,23.2%,9.1%,14.1%,0.315,1.79,0.387,52.5%,204,110,103,9.15,4.85,4.3,4.3,4.22
127,Andrew Painter,PHI,7.97,3.09,2.58,1.03,21.1%,8.2%,12.9%,0.231,1.23,0.273,75.5%,89,91,95,3.86,3.93,-0.07,4,4.21
128,José Soriano,TOR,6.14,2.76,2.22,0.92,15.6%,7.0%,8.6%,0.284,1.43,0.323,71.1%,119,102,99,4.91,4.3,0.61,4.1,4.17
129,Hayden Wesneski,HOU,7.8,3,2.6,0.6,21.1%,8.1%,13.0%,0.205,1.1,0.25,57.7%,87,81,96,3.6,3.34,0.26,3.98,4.17
130,J.T. Ginn,ATH,7.41,2.12,3.5,2.12,19.4%,5.6%,13.9%,0.299,1.41,0.327,72.2%,130,123,99,5.82,5.4,0.43,4.12,4.17
131,Elmer Rodríguez,NYY,10.24,4.66,2.2,0.93,26.2%,11.9%,14.3%,0.2,1.24,0.261,55.6%,156,102,110,6.52,4.34,2.17,4.56,4.17
132,Brandon Williamson,CIN,8.44,3.38,2.5,1.69,20.8%,8.3%,12.5%,0.318,1.69,0.375,78.9%,118,109,89,5.06,4.79,0.27,3.77,4.15
133,Clay Holmes,CHC,6.99,4.13,1.69,0.64,18.2%,10.7%,7.4%,0.224,1.31,0.265,73.9%,85,95,89,3.49,3.95,-0.46,3.78,4.14
134,Shane McClanahan,TBR,7.11,1.89,3.75,1.42,19.2%,5.1%,14.1%,0.23,1.11,0.25,59.5%,113,100,94,4.74,4.21,0.53,3.91,4.12
135,Andrew Alvarez,WSN,10,4.67,2.14,0.67,27.3%,12.7%,14.5%,0.167,1.11,0.219,84.6%,54,79,88,2.33,3.4,-1.07,3.72,4.11
136,Aaron Nola,PHI,7.76,2.59,3,1.15,22.0%,7.3%,14.6%,0.204,1.02,0.232,94.9%,46,92,94,2.01,4,-1.99,3.98,4.08
137,Shane Drohan,MIL,10.19,4.08,2.5,2.55,25.0%,10.0%,15.0%,0.343,1.81,0.422,74.1%,171,148,103,7.13,6.22,0.92,4.33,4.08
138,Noah Cameron,KCR,7.54,2.43,3.1,0.73,22.0%,7.1%,14.9%,0.163,0.84,0.189,90.3%,40,82,101,1.7,3.45,-1.75,4.2,4.07
139,Jackson Jobe,DET,9,3.81,2.36,1.38,23.9%,10.1%,13.8%,0.219,1.23,0.258,84.5%,74,109,95,3.12,4.6,-1.49,3.94,4.07
140,Wandy Peralta,SDP,9,0,1,0,20.0%,0.0%,20.0%,0.6,3,0.75,66.7%,223,26,62,9,1.1,7.9,2.61,4.06
141,Zack Wheeler,PHI,11.25,5.14,2.19,1.93,29.2%,13.3%,15.8%,0.223,1.39,0.274,85.4%,96,120,94,4.18,5.21,-1.03,3.99,4.05
142,Randy Dobnak,KCR,7.56,2.43,3.11,1.08,20.6%,6.6%,14.0%,0.248,1.2,0.29,79.7%,82,94,90,3.51,3.97,-0.46,3.73,4.04
143,Carmen Mlodzinski,PIT,9,3,3,3,16.7%,5.6%,11.1%,0.471,3,0.538,65.8%,276,152,74,12,6.44,5.56,3.11,4.03
144,Eduardo Rodriguez,ARI,8.74,2.83,3.09,0.77,23.3%,7.5%,15.8%,0.224,1.17,0.278,79.4%,55,80,98,2.31,3.3,-0.99,4.13,4.03
145,Joe Ryan,MIN,9,2.25,4,3.38,19.5%,4.9%,14.6%,0.278,1.5,0.28,74.1%,162,191,117,6.75,7.85,-1.1,4.87,4
146,Derek Law,ARI,0,0,0,0,0.0%,0.0%,0.0%,0.167,0.5,0.167,100.0%,0,75,91,0,3.1,-3.1,3.86,3.97
147,Carlos Rodón,NYY,9.75,3.38,2.89,1.13,27.1%,9.4%,17.7%,0.14,0.88,0.158,78.7%,54,89,102,2.25,3.81,-1.56,4.26,3.96
148,Kumar Rocker,TEX,11.72,5.09,2.3,1.02,28.7%,12.5%,16.3%,0.243,1.53,0.333,82.6%,87,88,90,3.57,3.67,-0.1,3.74,3.95
149,Gerrit Cole,NYY,7.85,0.94,8.33,2.83,20.5%,2.5%,18.0%,0.28,1.26,0.286,86.1%,121,137,100,5.02,5.86,-0.84,4.15,3.95
150,Roki Sasaki,LAD,9.72,3.24,3,1.08,22.5%,7.5%,15.0%,0.351,1.92,0.444,68.5%,154,83,86,6.48,3.58,2.9,3.65,3.91
151,Wilber Dotel,PIT,4.5,0,1,0,10.0%,0.0%,10.0%,0.4,2,0.444,25.0%,311,50,86,13.5,2.1,11.4,3.61,3.91
152,Walker Buehler,SDP,7.77,2.22,3.5,1.85,23.1%,6.6%,16.5%,0.224,1.03,0.237,88.9%,83,114,93,3.33,4.79,-1.46,3.92,3.89
153,Mason Adams,COL,10.61,4.34,2.44,2.41,28.6%,11.7%,16.9%,0.265,1.45,0.317,100.0%,71,129,86,3.38,5.67,-2.3,3.65,3.87
154,Shota Imanaga,CHC,9.36,2.88,3.25,2.16,24.3%,7.5%,16.8%,0.237,1.24,0.262,77.2%,114,129,96,4.68,5.34,-0.66,4.04,3.84
155,Tyler Mahle,ATL,6.32,1.15,5.5,0.86,18.0%,3.3%,14.8%,0.231,0.99,0.261,89.9%,34,82,83,1.44,3.42,-1.99,3.53,3.8
156,Kohl Drake,ARI,9,2.25,4,4.5,22.2%,5.6%,16.7%,0.25,1.25,0.2,31.3%,266,221,106,11.25,9.1,2.15,4.49,3.79
157,Ryan Weathers,NYY,5.91,0.84,7,0,16.3%,2.3%,14.0%,0.333,1.41,0.4,80.0%,61,49,80,2.53,2.07,0.46,3.35,3.76
158,Sonny Gray,BOS,8.71,2.61,3.33,0.58,23.8%,7.1%,16.7%,0.248,1.23,0.318,82.4%,61,69,82,2.61,2.88,-0.26,3.4,3.74
159,Michael Wacha,KCR,8.44,1.97,4.29,1.69,24.2%,5.6%,18.5%,0.19,0.91,0.2,100.0%,53,105,92,2.25,4.42,-2.17,3.82,3.73
160,Emerson Hancock,SEA,7.64,1.02,7.5,2.55,19.7%,2.6%,17.1%,0.292,1.3,0.308,83.3%,131,144,95,5.09,5.76,-0.67,3.97,3.69
161,Nick Pivetta,SDP,7,0,7,1,20.6%,0.0%,20.6%,0.206,0.78,0.231,89.3%,50,71,84,2,2.99,-0.99,3.56,3.68
162,Jacob Misiorowski,MIL,10.16,3.49,2.91,0.32,28.3%,9.7%,18.6%,0.196,1.09,0.275,74.3%,69,59,85,2.86,2.47,0.39,3.61,3.67
163,Logan Webb,SFG,10.08,2.93,3.44,1.3,23.8%,6.9%,16.9%,0.302,1.59,0.383,57.6%,190,104,89,7.81,4.26,3.55,3.75,3.66
164,Walbert Ureña,LAA,8.8,3.03,2.9,0.91,24.0%,8.3%,15.7%,0.225,1.18,0.278,74.7%,88,84,79,3.64,3.47,0.17,3.28,3.63
165,Jake Bennett,BOS,8.14,0.74,11,2.22,23.2%,2.1%,21.1%,0.258,1.07,0.277,73.9%,104,114,85,4.44,4.75,-0.31,3.53,3.62
166,Will Warren,NYY,9.82,2.86,3.43,1.23,26.1%,7.6%,18.5%,0.238,1.23,0.298,88.2%,59,89,86,2.45,3.79,-1.33,3.59,3.61
167,Spencer Miles,TOR,10.8,3.6,3,0,28.6%,9.5%,19.0%,0.211,1.2,0.308,100.0%,0,45,82,0,1.9,-1.9,3.41,3.6
168,Zac Thornton,NYM,8.36,0.96,8.67,2.57,22.4%,2.6%,19.8%,0.286,1.25,0.308,88.7%,109,128,83,4.5,5.39,-0.89,3.51,3.6
169,Sean Newcomb,CHW,11.81,5.06,2.33,0,33.3%,14.3%,19.0%,0.167,1.13,0.273,83.3%,41,51,66,1.69,2.17,-0.48,2.73,3.58
170,Jose Cabrera,ARI,8.31,2.08,4,2.08,22.2%,5.6%,16.7%,0.188,0.92,0.182,83.3%,98,137,96,4.15,5.64,-1.49,4.04,3.57
171,Braxton Ashcraft,PIT,6.75,0.75,9,0.75,19.4%,2.2%,17.2%,0.242,1,0.282,80.2%,60,69,75,2.63,2.94,-0.31,3.18,3.54
172,Drew Rasmussen,TBR,7.84,1.16,6.75,0.58,22.7%,3.4%,19.3%,0.217,0.94,0.267,72.5%,69,62,81,2.9,2.59,0.32,3.36,3.53
173,Blake Snell,LAD,11.3,4.08,2.77,0,31.6%,11.4%,20.2%,0.16,1.01,0.25,90.0%,22,48,80,0.94,2.06,-1.11,3.37,3.52
174,Matthew Liberatore,STL,11.1,2.96,3.75,2.59,27.5%,7.3%,20.2%,0.287,1.52,0.344,55.1%,188,129,81,7.77,5.36,2.4,3.42,3.51
175,Dylan Cease,TOR,11.57,4.11,2.81,0.51,32.4%,11.5%,20.9%,0.163,1.03,0.237,78.3%,56,63,79,2.31,2.65,-0.33,3.28,3.46
176,Cal Quantrill,TEX,7.58,0.71,10.67,0.95,22.7%,2.1%,20.6%,0.19,0.76,0.218,90.2%,46,74,81,1.89,3.1,-1.21,3.36,3.46
177,Logan Henderson,MIL,8.44,1.13,7.5,0.84,26.8%,3.6%,23.2%,0.13,0.56,0.147,87.0%,34,67,86,1.41,2.82,-1.42,3.63,3.46
178,Hunter Brown,HOU,10.48,3.49,3,0.95,28.2%,9.4%,18.8%,0.264,1.38,0.357,80.5%,77,81,77,3.18,3.31,-0.14,3.22,3.46
179,Bryan Woo,SEA,9.3,2.1,4.43,1.5,26.7%,6.0%,20.7%,0.157,0.8,0.167,77.8%,70,100,86,2.7,4,-1.3,3.6,3.46
180,Logan Gilbert,SEA,11.81,3.71,3.18,2.7,30.4%,9.6%,20.9%,0.252,1.39,0.3,74.6%,157,143,79,6.08,5.73,0.35,3.3,3.41
181,Alec Gamboa,BOS,6.75,0,2,0,22.2%,0.0%,22.2%,0.111,0.38,0.143,100.0%,0,39,79,0,1.6,-1.6,3.3,3.35
182,Taj Bradley,MIN,11.83,3.94,3,1.21,33.1%,11.0%,22.0%,0.173,1.04,0.23,83.3%,73,89,81,3.03,3.64,-0.61,3.37,3.34
183,Tyler Glasnow,LAD,11.45,3.27,3.5,0.41,30.1%,8.6%,21.5%,0.226,1.23,0.327,60.2%,117,55,80,4.91,2.38,2.53,3.36,3.34
184,Brayan Bello,BOS,12.6,3.6,3.5,0,31.8%,9.1%,22.7%,0.211,1.2,0.333,100.0%,0,51,94,0,2.1,-2.1,3.92,3.34
185,Max Fried,NYY,10.66,2.84,3.75,1.42,30.0%,8.0%,22.0%,0.174,0.95,0.207,97.8%,51,88,83,2.13,3.73,-1.6,3.47,3.33
186,Anthony Molina,SFG,11.08,2.08,5.33,1.38,27.1%,5.1%,22.0%,0.286,1.46,0.368,43.2%,169,82,78,6.92,3.33,3.59,3.31,3.33
187,Jared Jones,PIT,11.81,3.71,3.18,0.68,32.4%,10.2%,22.2%,0.186,1.09,0.267,87.8%,47,64,79,2.03,2.69,-0.67,3.36,3.32
188,Kevin Gausman,CHC,10.87,2.63,4.13,2.3,28.0%,6.8%,21.2%,0.264,1.35,0.314,77.2%,120,118,72,4.94,4.9,0.04,3.06,3.31
189,Cristopher Sánchez,PHI,8.24,1.99,4.14,0.85,22.0%,5.3%,16.7%,0.272,1.29,0.333,73.4%,91,73,66,3.98,3.17,0.81,2.79,3.24
190,Kyle Freeland,COL,12.27,2.45,5,4.91,27.8%,5.6%,22.2%,0.353,1.91,0.4,71.4%,207,188,67,9.82,8.29,1.53,2.84,3.19
191,Trevor Rogers,BAL,9.71,0.95,10.25,1.66,27.0%,2.6%,24.3%,0.264,1.13,0.32,75.3%,104,88,76,4.26,3.66,0.61,3.17,3.14
192,Cam Schlittler,NYY,10.89,3.08,3.54,0.47,32.2%,9.1%,23.1%,0.138,0.82,0.195,95.7%,23,56,68,0.95,2.39,-1.45,2.82,3.12
193,Casey Legumina,TBR,7.71,0,2,0,25.0%,0.0%,25.0%,0.125,0.43,0.167,100.0%,0,33,64,0,1.39,-1.39,2.68,3.04
194,Parker Messick,CLE,10.8,2.1,5.14,0.6,30.0%,5.8%,24.2%,0.214,1.03,0.297,85.6%,51,58,74,2.1,2.37,-0.27,3.06,3.04
195,Chase Burns,CIN,13.28,3.54,3.75,1.33,33.7%,9.0%,24.7%,0.284,1.52,0.417,70.9%,113,74,68,4.87,3.25,1.62,2.89,3.01
196,Cristian Javier,HOU,12.32,3.32,3.71,1.42,34.7%,9.3%,25.3%,0.191,1.05,0.256,82.3%,80,86,74,3.32,3.52,-0.21,3.06,2.99
197,Justin Wrobleski,LAD,12,2,6,3,29.3%,4.9%,24.4%,0.316,1.56,0.391,64.8%,191,134,74,8,5.77,2.23,3.12,2.97
198,Chris Sale,ATL,9.64,0.96,10,0.32,27.3%,2.7%,24.5%,0.214,0.89,0.292,79.7%,53,52,76,2.25,2.17,0.08,3.22,2.96
199,Tarik Skubal,LAD,10.13,1.69,6,0.28,27.9%,4.7%,23.3%,0.244,1.13,0.337,75.1%,60,42,60,2.53,1.82,0.71,2.55,2.96
200,Payton Tolle,BOS,12.21,2.25,5.43,0.64,33.3%,6.1%,27.2%,0.229,1.11,0.338,76.2%,75,55,71,3.21,2.28,0.93,2.97,2.77
201,Shane Bieber,TOR,9,0,7,0,28.0%,0.0%,28.0%,0.12,0.43,0.167,66.7%,0,26,68,0,1.1,-1.1,2.83,2.72
202,Jesús Luzardo,PHI,11.57,2.06,5.63,0.77,33.6%,6.0%,27.6%,0.169,0.83,0.237,93.3%,24,58,70,1.03,2.5,-1.47,2.94,2.71
203,Kyle Leahy,STL,11.72,1.53,7.67,1.02,31.9%,4.2%,27.8%,0.246,1.13,0.341,81.4%,74,60,62,3.06,2.48,0.58,2.63,2.69
204,Reid Detmers,LAA,9.55,0.55,17.5,0,29.7%,1.7%,28.0%,0.2,0.76,0.288,92.3%,13,30,64,0.55,1.25,-0.71,2.67,2.65
205,Jonah Tong,NYM,12.6,1.8,7,1.8,33.3%,4.8%,28.6%,0.211,1,0.273,43.5%,175,98,71,7.2,4.1,3.1,3.01,2.62
206,David Sandlin,CHW,7.94,0,5,0,25.0%,0.0%,25.0%,0.1,0.35,0.133,-50.0%,0,32,58,0,1.34,-1.34,2.4,2.48
207,Daniel Espino,CLE,9,0,2,0,28.6%,0.0%,28.6%,0.143,0.5,0.2,100.0%,0,27,63,0,1.1,-1.1,2.61,2.44
208,Yoshinobu Yamamoto,LAD,11.81,1.69,7,1.35,34.3%,4.9%,29.4%,0.179,0.83,0.232,87.0%,64,75,55,2.7,3.22,-0.52,2.34,2.39
209,Bryan Hudson,CHW,10.13,0,3,6.75,30.0%,0.0%,30.0%,0.3,1.13,0.2,100.0%,162,251,61,6.75,10.6,-3.85,2.55,2.39
210,Jacob deGrom,TEX,12.24,2.2,5.57,0.63,37.9%,6.8%,31.1%,0.135,0.7,0.2,58.1%,77,48,55,3.14,2.02,1.12,2.27,2.37
211,Ian Seymour,TBR,13.33,1.37,9.75,3.08,35.1%,3.6%,31.5%,0.252,1.18,0.305,87.0%,114,120,57,4.78,5.04,-0.26,2.38,2.35
212,Emmet Sheehan,LAD,11.57,1.54,7.5,0.77,35.7%,4.8%,31.0%,0.125,0.6,0.167,100.0%,18,50,58,0.77,2.16,-1.39,2.47,2.35
213,Cade Cavalli,WSN,13.82,2.25,6.14,0.96,39.4%,6.4%,33.0%,0.153,0.79,0.231,91.7%,45,61,50,1.93,2.6,-0.67,2.13,2.15
214,Gavin Williams,CLE,17.1,3.6,4.75,1.35,45.2%,9.5%,35.7%,0.213,1.2,0.382,72.1%,98,64,45,4.05,2.6,1.45,1.86,2.06
215,Riley Cornelio,WSN,14.4,1.8,8,0,47.1%,5.9%,41.2%,0.063,0.4,0.125,100.0%,0,12,41,0,0.5,-0.5,1.71,1.55
216,Adrian Houser,SFG,10.8,0,2,0,33.3%,0.0%,33.3%,0.167,0.6,0.25,100.0%,0,17,17,0,0.7,-0.7,0.7,1.45
217,Hagen Smith,CHW,13.5,0,3,0,37.5%,0.0%,37.5%,0.25,1,0.4,100.0%,0,2,2,0,0.1,-0.1,0.1,1.41
218,Gordon Graceffo,STL,12,0,4,0,44.4%,0.0%,44.4%,0,0,0,100.0%,0,11,46,0,0.44,-0.44,1.95,1.32
219,Tim Mayza,PHI,12,0,4,0,44.4%,0.0%,44.4%,0.222,0.67,0.4,100.0%,0,10,22,0,0.44,-0.44,0.94,0.71
220,Trevor Williams,TEX,18,0,2,0,66.7%,0.0%,66.7%,0,0,0,100.0%,0,-21,-22,0,-0.9,0.9,-0.9,0.06
